DexNum,Name,DexCondition1,NumToComplete1,DexCondition2,NumToComplete2,TypeQualifier2,IsAttacker2,DexCondition3,NumToComplete3,TypeQualifier3,IsAttacker3,DexCondition4,NumToComplete4,TypeQualifier4,IsAttacker4,DexCondition5,NumToComplete5,TypeQualifier5,IsAttacker5,DexCondition6,NumToComplete6,TypeQualifier6,IsAttacker6,DexCondition7,NumToComplete7,TypeQualifier7,IsAttacker7,DexCondition8,NumToComplete8,TypeQualifier8,IsAttacker8,DexCondition9,NumToComplete9,TypeQualifier9,IsAttacker9
1,Rowlet,Number caught,5,Times you've seen it use Leafage,15,Grass,TRUE,Times you've seen it use Roost,15,,FALSE,Times you've seen it use Aerial Ace,15,Flying,TRUE,Times you've seen it use a strong style move,15,,FALSE,Times you've seen it use an agile style move,15,,FALSE,Number you've evolved,1,,FALSE,,,,FALSE,,,,FALSE
2,Dartrix,Number caught,5,Times you've seen it use Leafage,15,Grass,TRUE,Times you've seen it use Roost,15,,FALSE,Times you've seen it use Aerial Ace,15,Flying,TRUE,Times you've seen it use a strong style move,15,,FALSE,Times you've seen it use an agile style move,15,,FALSE,Number you've evolved,3,,FALSE,,,,FALSE,,,,FALSE
3,Decidueye,Number caught,5,Times you've seen it use Triple Arrows,40,Fighting,TRUE,Times you've seen it use Leaf Blade,25,Grass,TRUE,Times you've seen it use Leaf Storm,25,Grass,TRUE,Times you've seen it use a strong style move,40,,FALSE,Times you've seen it use an agile style move,40,,FALSE,,,,FALSE,,,,FALSE,,,,FALSE
4,Cyndaquil,Number caught,5,Times you've seen it use Ember,15,Fire,TRUE,Times you've seen it use Quick Attack,15,Normal,TRUE,Times you've seen it use Flame Wheel,15,Fire,TRUE,Times you've seen it use a strong style move,15,,FALSE,Times you've seen it use an agile style move,15,,FALSE,Number you've evolved,1,,FALSE,,,,FALSE,,,,FALSE
5,Quilava,Number caught,5,Times you've seen it use Ember,15,Fire,TRUE,Times you've seen it use Quick Attack,15,Normal,TRUE,Times you've seen it use Flame Wheel,15,Fire,TRUE,Times you've seen it use a strong style move,15,,FALSE,Times you've seen it use an agile style move,15,,FALSE,Number you've evolved,3,,FALSE,,,,FALSE,,,,FALSE
6,Typhlosion,Number caught,5,Times you've seen it use Infernal Parade,40,Fire,TRUE,Times you've seen it use Flamethrower,25,Fire,TRUE,Times you've seen it use Overheat,25,Fire,TRUE,Times you've seen it use a strong style move,40,,FALSE,Times you've seen it use an agile style move,40,,FALSE,,,,FALSE,,,,FALSE,,,,FALSE
7,Oshawott,Number caught,5,Times you've seen it use Aqua Jet,15,Water,TRUE,Times you've seen it use Water Pulse,15,Water,TRUE,Times you've seen it use Slash,15,Normal,TRUE,Times you've seen it use a strong style move,15,,FALSE,Times you've seen it use an agile style move,15,,FALSE,Number evolved,1,,FALSE,,,,FALSE,,,,FALSE
8,Dewott,Number caught,5,Times you've seen it use Aqua Jet,15,Water,TRUE,Times you've seen it use Water Pulse,15,Water,TRUE,Times you've seen it use Slash,15,Normal,TRUE,Times you've seen it use a strong style move,15,,FALSE,Times you've seen it use an agile style move,15,,FALSE,Number evolved,3,,FALSE,,,,FALSE,,,,FALSE
9,Samurott,Number caught,5,Times you've seen it use Ceaseless Edge,40,Dark,TRUE,Times you've seen it use Aqua Tail,25,Water,TRUE,Times you've seen it use Hydro Pump,25,Water,TRUE,Times you've seen it use a strong style move,40,,FALSE,Times you've seen it use an agile style move,40,,FALSE,Number evolved,3,,FALSE,,,,FALSE,,,,FALSE
11,Bibarel,Number caught,25,Number of alpha specimens caught,5,,FALSE,Number defeated,20,,FALSE,Times you've seen it use Bite,25,Dark,TRUE,Times you've seen it use Aqua Tail,25,Water,TRUE,Times you've seen it use a strong style move,25,,FALSE,Number of different forms you've obtained,2,,FALSE,,,,FALSE,,,,FALSE
13,Staravia,Number caught,15,Number defeated,25,,FALSE,Number you've defeated with Electric-type moves,10,Electric,FALSE,Times you've seen it use Aerial Ace,25,Flying,TRUE,Times you've given it food,10,,FALSE,Number of different forms you've obtained,2,,FALSE,Number you've evolved,3,,FALSE,,,,FALSE,,,,FALSE
14,Staraptor,Number caught,15,Number you've caught while they were in the air,5,,FALSE,Number defeated,15,,FALSE,Number you've defeated with Rock-type moves,20,Rock,FALSE,Times you've seen it use Air Slash,40,Flying,TRUE,Times you've seen it use Brave Bird,40,Flying,TRUE,Times you've seen it use a strong style move,15,,FALSE,Number of different forms you've obtained,2,,FALSE,,,,FALSE
15,Shinx,Number caught,25,Number defeated,15,,FALSE,Number you've defeated with Ground-type moves,10,Ground,FALSE,Times you've seen it use Quick Attack,25,Normal,TRUE,Times you've seen it use Bite,25,Dark,TRUE,Number of different forms you've obtained,2,,FALSE,Number you've evolved,3,,FALSE,,,,FALSE,,,,FALSE
16,Luxio,Number caught,15,Number defeated,25,,FALSE,Number you've defeated with Ground-type moves,20,Ground,FALSE,Times you've seen it use Bite,25,Dark,TRUE,Times you've seen it use Thunder Fang,40,Electric,TRUE,Number of different forms you've obtained,2,,FALSE,Number you've evolved,3,,FALSE,,,,FALSE,,,,FALSE
17,Luxray,Number caught,15,Number defeated,15,,FALSE,Number you've defeated with Ground-type moves,10,Ground,FALSE,Times you've seen it use Thunder Fang,25,Electric,TRUE,Times you've seen it use Crunch,25,Dark,TRUE,Times you've seen it use Wild Charge,40,Electric,TRUE,Times you've seen it use a strong style move,40,,FALSE,Number of different forms you've obtained,2,,FALSE,,,,FALSE
18,Wurmple,Number caught,25,Number of light specimens you've obtained,5,,FALSE,Number you've caught without being spotted,10,,FALSE,Number defeated,25,,FALSE,Times you've seen it use Poison Sting,25,Poison,TRUE,Number you've evolved,3,,FALSE,,,,FALSE,,,,FALSE,,,,FALSE
19,Silcoon,Number caught,15,Number caught during daylight hours,20,,FALSE,Number defeated,25,,FALSE,Number you've defeated with Flying-type moves,10,Flying,FALSE,Times you've seen it use Poison Sting,25,Poison,TRUE,Number you've evolved,3,,FALSE,,,,FALSE,,,,FALSE,,,,FALSE
20,Beautifly,Number caught,15,Number caught during daylight hours,20,,FALSE,Number defeated,25,,FALSE,Number you've defeated with Rock-type moves,10,Rock,FALSE,Times you've seen it use Stun Spore,25,,FALSE,Times you've seen it use an agile style move,25,,FALSE,Number of different forms you've obtained,2,,FALSE,,,,FALSE,,,,FALSE
21,Cascoon,Number caught,15,Number caught at night,20,,FALSE,Number defeated,20,,FALSE,Number you've defeated with Fire-type moves,15,Fire,FALSE,Times you've seen it use Poison Sting,25,Poison,TRUE,Number you've evolved,3,,FALSE,Investigate how Silcoon and Cascoon differ,1,,FALSE,,,,FALSE,,,,FALSE
22,Dustox,Number caught,15,Number caught at night,20,,FALSE,Number defeated,25,,FALSE,Number you've defeated with Psychic-type moves,10,Psychic,FALSE,Times you've seen it use Poison Powder,25,,FALSE,Times you've seen it use a strong style move,25,,FALSE,Number of different forms you've obtained,2,,FALSE,,,,FALSE,,,,FALSE
23,Ponyta,Number caught,15,Number of heavy specimens you've caught,5,,FALSE,Number defeated,15,,FALSE,Number you've defeated with Water-type moves,10,Water,FALSE,Times you've seen it use Ember,25,Fire,TRUE,Times you've given it food,5,,FALSE,Investigated the sighting of an unusual Ponyta,1,,FALSE,,,,FALSE,,,,FALSE
24,Rapidash,Number caught,10,Number of alpha specimens caught,3,,FALSE,Number defeated,10,,FALSE,Number you've defeated with Water-type moves,3,Water,FALSE,Times you've seen it use Fire Blast,40,Fire,TRUE,Times you've seen it use a strong style move,40,,FALSE,,,,FALSE,,,,FALSE,,,,FALSE
25,Eevee,Number caught,25,Number you've caught without being spotted,20,,FALSE,Times you've seen it use Quick Attack,40,Normal,TRUE,Times you've given it food,5,,FALSE,Number of different forms you've obtained,2,,FALSE,Number you've evolved,10,,FALSE,Investigated more about how Eevee evolves,1,,FALSE,,,,FALSE,,,,FALSE
26,Vaporeon,Number caught,5,Times you've seen it use Baby-Doll Eyes,15,,FALSE,Times you've seen it use Aqua Tail,40,Water,TRUE,Times you've seen it use an agile style move,70,,FALSE,,,,FALSE,,,,FALSE,,,,FALSE,,,,FALSE,,,,FALSE
27,Jolteon,Number caught,5,Times you've seen it use Baby-Doll Eyes,15,,FALSE,Times you've seen it use Thunderbolt,40,Electric,TRUE,Times you've seen it use an agile style move,70,,FALSE,,,,FALSE,,,,FALSE,,,,FALSE,,,,FALSE,,,,FALSE
28,Flareon,Number caught,5,Times you've seen it use Baby-Doll Eyes,15,,FALSE,Times you've seen it use Flamethrower,40,Fire,TRUE,Times you've seen it use an agile style move,70,,FALSE,,,,FALSE,,,,FALSE,,,,FALSE,,,,FALSE,,,,FALSE
29,Espeon,Number caught,5,Times you've seen it use Baby-Doll Eyes,15,,FALSE,Times you've seen it use Psychic,40,Psychic,TRUE,Times you've seen it use an agile style move,70,,FALSE,,,,FALSE,,,,FALSE,,,,FALSE,,,,FALSE,,,,FALSE
30,Umbreon,Number caught,5,Times you've seen it use Baby-Doll Eyes,15,,FALSE,Times you've seen it use Dark Pulse,40,Dark,TRUE,Times you've seen it use an agile style move,70,,FALSE,,,,FALSE,,,,FALSE,,,,FALSE,,,,FALSE,,,,FALSE
31,Leafeon,Number caught,5,Times you've seen it use Baby-Doll Eyes,15,,FALSE,Times you've seen it use Leaf Blade,40,Grass,TRUE,Times you've seen it use an agile style move,70,,FALSE,,,,FALSE,,,,FALSE,,,,FALSE,,,,FALSE,,,,FALSE
32,Glaceon,Number caught,5,Times you've seen it use Baby-Doll Eyes,15,,FALSE,Times you've seen it use Ice Beam,40,Ice,TRUE,Times you've seen it use an agile style move,70,,FALSE,,,,FALSE,,,,FALSE,,,,FALSE,,,,FALSE,,,,FALSE
33,Sylveon,Number caught,5,Times you've seen it use Baby-Doll Eyes,15,,FALSE,Times you've seen it use Fairy Wind,40,Fairy,TRUE,Times you've seen it use an agile style move,70,,FALSE,,,,FALSE,,,,FALSE,,,,FALSE,,,,FALSE,,,,FALSE
34,Zubat,Number caught,25,Number caught during daylight hours,20,,FALSE,Number defeated,25,,FALSE,Number you've defeated with Rock-type moves,10,Rock,FALSE,Times you've seen it use Gust,25,Flying,TRUE,Number of different forms you've obtained,2,,FALSE,Number you've evolved,1,,FALSE,Investigated Zubat's knack for navigating in the dark,1,,FALSE,,,,FALSE
35,Golbat,Number caught,15,Number caught at night,20,,FALSE,Number defeated,15,,FALSE,Number you've defeated with Ice-type moves,25,Ice,FALSE,Number you've defeated with Psychic-type moves,25,Psychic,FALSE,Times you've seen it use Bite,25,Dark,TRUE,Times you've seen it use Air Cutter,25,Flying,TRUE,Number of different forms you've obtained,2,,FALSE,,,,FALSE
36,Crobat,Number caught,5,Number of alpha specimens caught,3,,FALSE,Number you've caught while they were in the air,5,,FALSE,Number defeated,5,,FALSE,Number you've defeated with Ice-type moves,3,Ice,FALSE,Times you've seen it use Cross Poison,25,Poison,TRUE,Times you've seen it use Leech Life,40,Bug,TRUE,Times you've seen it use an agile style move,70,,FALSE,,,,FALSE
37,Drifloon,Number caught,25,Number caught at night,20,,FALSE,Number defeated,40,,FALSE,Number you've defeated with Ghost-type moves,10,Ghost,FALSE,Times you've seen it use Confusion,25,Psychic,TRUE,Times you've seen it use Hypnosis,40,,FALSE,Number you've evolved,1,,FALSE,Investigated whether Drifloon truly does play with kids,1,,FALSE,,,,FALSE
38,Drifblim,Number caught,15,Number caught at night,20,,FALSE,Number defeated,25,,FALSE,Number you've defeated with Dark-type moves,40,Dark,FALSE,Times you've seen it use Mystical Fire,25,Fire,TRUE,Times you've seen it use Self-Destruct,15,Normal,TRUE,Times you've seen it use an agile style move,40,,FALSE,,,,FALSE,,,,FALSE
40,Kricketune,Number caught,25,Number of alpha specimens caught,3,,FALSE,Number you've caught without being spotted,20,,FALSE,Number defeated,15,,FALSE,Times you've seen it use Slash,25,Normal,TRUE,Times you've seen it use X-Scissor,25,Bug,TRUE,Times you've given it food,10,,FALSE,Number of different forms you've obtained,2,,FALSE,,,,FALSE
41,Buizel,Number caught,25,Number of large specimens you've caught,7,,FALSE,Number defeated,25,,FALSE,Number you've defeated with Electric-type moves,10,Electric,FALSE,Times you've seen it use Aqua Jet,15,Water,TRUE,Number of different forms you've obtained,2,,FALSE,,,,FALSE,,,,FALSE,,,,FALSE
42,Floatzel,Number caught,15,Number of alpha specimens caught,3,,FALSE,Number defeated,25,,FALSE,Number you've defeated with Grass-type moves,20,Grass,FALSE,Times you've seen it use Water Pulse,40,Water,TRUE,Times you've seen it use an agile style move,25,,FALSE,Number of different forms you've obtained,2,,FALSE,,,,FALSE,,,,FALSE
43,Burmy,Number caught,25,Number defeated,25,,FALSE,Number you've defeated with Flying-type moves,20,Flying,FALSE,Times you've seen it use Struggle Bug,25,Bug,TRUE,Number of different forms you've obtained,3,,FALSE,Times you've seen it leap out of trees,25,,FALSE,Number you've evolved,3,,FALSE,,,,FALSE,,,,FALSE
44,Wormadam,Number caught,15,Number defeated,25,,FALSE,Number you've defeated with Fire-type moves,20,Fire,FALSE,Times you've seen it use Confusion,25,Psychic,TRUE,Times you've seen it use Bug Buzz,40,Bug,TRUE,Times you've seen it use an agile style move,70,,FALSE,Times you've seen it leap out of trees,15,,FALSE,Number of different forms you've obtained,3,,FALSE,,,,FALSE
45,Mothim,Number caught,15,Number you've caught without being spotted,10,,FALSE,Number defeated,25,,FALSE,Number you've defeated with Rock-type moves,20,Rock,FALSE,Times you've seen it use Silver Wind,25,Bug,TRUE,Times you've seen it use Bug Buzz,40,Bug,TRUE,Times you've seen it use a strong style move,25,,FALSE,,,,FALSE,,,,FALSE
46,Geodude,Number caught,25,Number of heavy specimens you've caught,5,,FALSE,Number defeated,25,,FALSE,Times you've seen it use Rollout,25,Rock,TRUE,Number you've defeated with Water-type moves,20,Water,FALSE,Number you've defeated with Grass-type moves,20,Grass,TRUE,Number you've seen leap out of ore deposits,25,,FALSE,Number you've evolved,3,,FALSE,,,,FALSE
47,Graveler,Number caught,15,Number of heavy specimens you've caught,10,,FALSE,Number defeated,40,,FALSE,Number you've defeated with Fighting-type moves,20,Fighting,FALSE,Times you've seen it use Rock Slide,25,Rock,TRUE,Number you've seen leap out of ore deposits,15,,FALSE,Number you've evolved,3,,FALSE,,,,FALSE,,,,FALSE
48,Golem,Number caught,10,Number of alpha specimens caught,3,,FALSE,Number defeated,10,,FALSE,Number you've defeated with Steel-type moves,3,Steel,FALSE,Times you've seen it use Stealth Rock,25,Rock,TRUE,Times you've seen it use Double-Edge,40,Normal,TRUE,Times you've seen it use a strong style move,15,,FALSE,,,,FALSE,,,,FALSE
49,Stantler,Number caught,25,Number defeated,15,,FALSE,Times you've seen it use Psyshield Bash,40,Psychic,TRUE,Times you've seen it use an agile style move,40,,FALSE,Number Evolved,1,,FALSE,,,,FALSE,,,,FALSE,,,,FALSE,,,,FALSE
50,Wyrdeer,Number caught,5,Times you've seen it use Psyshield Bash,40,Psychic,TRUE,Times you've seen it use Extrasensory,40,Psychic,TRUE,Times you've seen it use a strong style move,40,,FALSE,Times you've seen it use an agile style move,40,,FALSE,,,,FALSE,,,,FALSE,,,,FALSE,,,,FALSE
51,Munchlax,Number caught,10,Number you've caught without being spotted,5,,FALSE,Times you've seen it use Rest,15,,FALSE,Times you've given it food,20,,FALSE,Number you've evolved,1,,FALSE,,,,FALSE,,,,FALSE,,,,FALSE,,,,FALSE
52,Snorlax,Number caught,10,Number of alpha specimens caught,3,,FALSE,Number you've caught while they were sleeping,1,,FALSE,Number defeated,10,,FALSE,Number you've defeated with Fighting-type moves,3,Fighting,FALSE,Times you've seen it use Double-Edge,25,Normal,TRUE,Times you've given it food,50,,FALSE,,,,FALSE,,,,FALSE
53,Paras,Number caught,15,Number of large specimens you've caught,7,,FALSE,Number defeated,40,,FALSE,Number you've defeated with Fire-type moves,20,Fire,FALSE,Times you've seen it use Absorb,25,Grass,TRUE,Times you've seen it use Stun Spore,40,,FALSE,Number you've evolved,1,,FALSE,,,,FALSE,,,,FALSE
54,Parasect,Number caught,15,Number of alpha specimens caught,3,,FALSE,Number defeated,40,,FALSE,Number you've defeated with Flying-type moves,10,Flying,FALSE,Times you've seen it use Spore,25,,FALSE,Times you've seen it use Venoshock,25,Poison,TRUE,Times you've seen it use a strong style move,40,,FALSE,Investigated the mushroom growing on Parasect,1,,FALSE,,,,FALSE
56,Pikachu,Number caught,15,Number of light specimens you've caught,10,,FALSE,Number you've caught without being spotted,10,,FALSE,Number defeated,10,,FALSE,Times you've seen it use Thunder Shock,25,Electric,TRUE,Times you've seen it use Thunderbolt,40,Electric,TRUE,Number of different forms you've obtained,2,,FALSE,Number you've evolved,3,,FALSE,,,,FALSE
57,Raichu,Number caught,10,Number of alpha specimens caught,3,,FALSE,Number defeated,10,,FALSE,Number you've defeated with Ground-type moves,10,Ground,FALSE,Times you've seen it use Iron Tail,40,Steel,TRUE,Times you've seen it use Thunder,70,Electric,TRUE,Times you've seen it use an agile style move,15,,FALSE,Number of different forms you've obtained,2,,FALSE,,,,FALSE
58,Abra,Number caught,15,Number of light specimens you've caught,7,,FALSE,Number you've caught without being spotted,10,,FALSE,Number defeated,5,,FALSE,Times you've seen it use Teleport,25,,FALSE,Times you've scared it off with a Scatter Bang,5,,FALSE,Number you've evolved,3,,FALSE,,,,FALSE,,,,FALSE
59,Kadabra,Number caught,15,Number defeated,15,,FALSE,Number you've defeated with Bug-type moves,20,Bug,FALSE,Times you've seen it use Calm Mind,25,,FALSE,Times you've seen it use Psycho Cut,25,Psychic,TRUE,Number of different forms you've obtained,2,,FALSE,Number you've evolved,3,,FALSE,,,,FALSE,,,,FALSE
60,Alakazam,Number caught,10,Number of alpha specimens caught,3,,FALSE,Number defeated,10,,FALSE,Number you've defeated with Dark-type moves,3,Dark,FALSE,Times you've seen it use Recover,40,,FALSE,Times you've seen it use Psychic,70,Psychic,TRUE,Times you've seen it use an agile style move,15,,FALSE,Number of different forms you've obtained,2,,FALSE,,,,FALSE
61,Chimchar,Number caught,10,Number you've caught without being spotted,5,,FALSE,Times you've seen it use Ember,25,Fire,TRUE,Times you've given it food,5,,FALSE,Number you've evolved,1,,FALSE,,,,FALSE,,,,FALSE,,,,FALSE,,,,FALSE
62,Monferno,Number caught,5,Times you've seen it use Flame Wheel,25,Fire,TRUE,Times you've seen it use Flamethrower,25,Fire,TRUE,Times you've given it food,5,,FALSE,Number you've evolved,3,,FALSE,,,,FALSE,,,,FALSE,,,,FALSE,,,,FALSE
63,Infernape,Number caught,5,Number defeated,5,,FALSE,Number you've defeated with Ground-type moves,3,Ground,FALSE,Times you've seen it use Flare Blitz,40,Fire,TRUE,Times you've seen it use Raging Fury,40,Fire,TRUE,Times you've seen it use an agile style move,40,,FALSE,Times you've stunned it by using items,5,,FALSE,,,,FALSE,,,,FALSE
64,Buneary,Number caught,25,Number you've caught without being spotted,20,,FALSE,Number defeated,15,,FALSE,Times you've seen it use Baby-Doll Eyes,25,,FALSE,Times you've given it food,5,,FALSE,Number you've evolved,1,,FALSE,,,,FALSE,,,,FALSE,,,,FALSE
65,Lopunny,Number caught,10,Number of alpha specimens caught,1,,FALSE,Number you've caught without being spotted,5,,FALSE,Number defeated,10,,FALSE,Times you've seen it use Draining Kiss,25,Fairy,TRUE,Times you've seen it use Cloes Combat,40,Fighting,TRUE,Times you've seen it use an agile style move,40,,FALSE,Times you've given it food,5,,FALSE,,,,FALSE
66,Cherubi,Number caught,10,Number defeated,5,,FALSE,Times you've seen it use Absorb,40,Grass,TRUE,Number you've seen leap out of trees,15,,FALSE,Number you've evolved,1,,FALSE,,,,FALSE,,,,FALSE,,,,FALSE,,,,FALSE
67,Cherrim,Number caught,15,Number caught during daylight hours,10,,FALSE,Number defeated,5,,FALSE,Times you've seen it use Petal Dance,40,Grass,TRUE,Times you've seen it use an agile style move,15,,FALSE,Number you've seen leap out of trees,15,,FALSE,,,,FALSE,,,,FALSE,,,,FALSE
68,Psyduck,Number caught,25,Number of heavy specimens you've caught,5,,FALSE,Number defeated,25,,FALSE,Number you've defeated with Electric-type moves,10,Electric,FALSE,Times you've seen it use Confusion,25,Psychic,TRUE,Times you've given it food,5,,FALSE,Number you've evolved,1,,FALSE,,,,FALSE,,,,FALSE
69,Golduck,Number caught,15,Number defeated,15,,FALSE,Number you've defeated with Grass-type moves,10,Grass,FALSE,Times you've seen it use Zen Headbutt,25,Psychic,TRUE,Times you've seen it use Aqua Tail,25,Water,TRUE,Times you've seen it use an agile style move,25,,FALSE,Times you've stunned it by using items,5,,FALSE,Times you've scared it off with a Scatter Bang,5,,FALSE,,,,FALSE
70,Combee,Number caught,25,Number defeated,15,,FALSE,Number you've defeated with Rock-type moves,10,Rock,FALSE,Times you've seen it use Gust,25,Flying,TRUE,Number you've seen leap out of trees,40,,FALSE,Number you've evolved,3,,FALSE,Investigated the different flavors of Combee honey,1,,FALSE,,,,FALSE,,,,FALSE
71,Vespiquen,Number caught,15,Number of heavy specimens you've caught,7,,FALSE,Number defeated,15,,FALSE,Number you've defeated with Fire-type moves,10,Fire,FALSE,Times you've seen it use Air Slash,25,Flying,TRUE,Times you've seen it use Bug Buzz,40,Bug,TRUE,Times you've seen it use an agile style move,15,,FALSE,Number you've seen leap out of trees,5,,FALSE,,,,FALSE
72,Scyther,Number caught,15,Number defeated,15,,FALSE,Number you've defeated with Rock-type moves,10,Rock,FALSE,Times you've seen it use Air Slash,25,Flying,TRUE,Times you've seen it use X-Scissor,25,Bug,TRUE,Times you've seen it use an agile style move,40,,FALSE,Number of different forms you've obtained,2,,FALSE,,,,FALSE,,,,FALSE
73,Kleavor,Number caught,5,Times you've seen it use Stone Axe,40,Rock,TRUE,Times you've seen it use X-Scissor,25,Bug,TRUE,Times you've seen it use a strong style move,40,,FALSE,Times you've seen it use an agile style move,40,,FALSE,,,,FALSE,,,,FALSE,,,,FALSE,,,,FALSE
74,Scizor,Number caught,5,Number defeated,5,,FALSE,Number you've defeated with Fire-type moves,3,Fire,FALSE,Times you've seen it use Double Hit,25,,FALSE,Times you've seen it use X-Scissor,40,Bug,TRUE,Times you've seen it use an agile style move,15,,FALSE,Number of different forms you've obtained,2,,FALSE,,,,FALSE,,,,FALSE
75,Heracross,Number caught,15,Number of large specimens you've caught,5,,FALSE,Number of alpha specimens caught,3,,FALSE,Number defeated,15,,FALSE,Times you've seen it use Double-Edge,40,Normal,TRUE,Times you've seen it use a strong style move,40,,FALSE,Number you've seen leap out of trees,15,,FALSE,Number of different forms you've obtained,2,,FALSE,,,,FALSE
76,Mime Jr.,Number caught,5,Number you've caught without being spotted,5,,FALSE,Times you've seen it use Mimic,25,,FALSE,Times you've given it food,5,,FALSE,Number you've evolved,3,,FALSE,,,,FALSE,,,,FALSE,,,,FALSE,,,,FALSE
77,Mr. Mime,Number caught,15,Number you've caught without being spotted,10,,FALSE,Number defeated,15,,FALSE,Times you've seen it use Mimic,25,,FALSE,Times you've given it food,5,,FALSE,Times you've scared it off with a Scatter Bang,5,,FALSE,Times you've seen it use an agile style move,25,,FALSE,Investigated the suspicious movements of Mr. Mime,1,,FALSE,,,,FALSE
78,Aipom,Number caught,25,Number defeated,25,,FALSE,Number you've defeated with Fighting-type moves,20,Fighting,FALSE,Times you've seen it use Double Hit,25,,FALSE,Times you've given it food,8,,FALSE,Number you've seen leap out of trees,15,,FALSE,Number of different forms you've obtained,2,,FALSE,Number you've evolved,1,,FALSE,,,,FALSE
79,Ambipom,Number caught,15,Number of alpha specimens caught,3,,FALSE,Number defeated,15,,FALSE,Number you've defeated with Fighting-type moves,20,Fighting,FALSE,Times you've seen it use Double Hit,25,,FALSE,Times you've seen it use Iron Tail,40,Steel,TRUE,Times you've seen it use a strong style move,15,,FALSE,Number of different forms you've obtained,2,,FALSE,,,,FALSE
80,Magikarp,Number caught,25,Number of large specimens you've caught,7,,FALSE,Number defeated,40,,FALSE,Times you've seen it use Splash,100,,FALSE,Times you've given it food,5,,FALSE,Number of different forms you've obtained,2,,FALSE,Number you've evolved,10,,FALSE,,,,FALSE,,,,FALSE
81,Gyarados,Number caught,15,Number you've caught while they were in the air,3,,FALSE,Number defeated,25,,FALSE,Number you've defeated with Electric-type moves,25,Electric,FALSE,Times you've seen it use Bite,40,Dark,TRUE,Times you've seen it use Hurricane,70,Flying,TRUE,Times you've seen it use a strong style move,40,,FALSE,Number of different forms you've obtained,2,,FALSE,,,,FALSE
82,Shellos,Number caught,25,Number of small specimens you've caught,5,,FALSE,Number you've caught without being spotted,10,,FALSE,Number defeated,15,,FALSE,Times you've seen it use Water Pulse,25,Water,TRUE,Number of different forms you've obtained,2,,FALSE,Number you've evolved,1,,FALSE,,,,FALSE,,,,FALSE
83,Gastrodon,Number caught,15,Number of heavy specimens you've caught,10,,FALSE,Number you've caught without being spotted,10,,FALSE,Number defeated,15,,FALSE,Times you've seen it use Mud Bomb,40,Ground,TRUE,Times you've seen it use a strong style move,40,,FALSE,Number of different forms you've obtained,2,,FALSE,,,,FALSE,,,,FALSE
84,Qwilfish,Number caught,15,Number defeated,25,,FALSE,Number you've defeated with Ground-type moves,10,Ground,FALSE,Times you've seen it use Barb Barrage,40,Poison,TRUE,Times you've seen it use a strong style move,40,,FALSE,Number you've evolved,1,,FALSE,,,,FALSE,,,,FALSE,,,,FALSE
85,Overqwil,Number caught,5,Times you've seen it use Barb Barrage,40,Poison,TRUE,Times you've seen it use Dark Pulse,25,Dark,TRUE,Times you've seen it use a strong style move,40,,FALSE,Times you've seen it use an agile style move,40,,FALSE,,,,FALSE,,,,FALSE,,,,FALSE,,,,FALSE
86,Happiny,Number caught,5,Number you've caught without being spotted,5,,FALSE,Times you've seen it use Baby-Doll Eyes,25,,FALSE,Times you've given it food,5,,FALSE,Number you've evolved,3,,FALSE,,,,FALSE,,,,FALSE,,,,FALSE,,,,FALSE
87,Chansey,Number caught,15,Number you've caught while they were sleeping,1,,FALSE,Number defeated,15,,FALSE,Number you've defeated with Fighting-type moves,10,Fighting,FALSE,Times you've seen it use Soft-Boiled,25,,FALSE,Times you've given it food,20,,FALSE,Number you've evolved,3,,FALSE,,,,FALSE,,,,FALSE
88,Blissey,Number caught,15,Number you've caught without being spotted,10,,FALSE,Number you've defeated with Fighting-type moves,10,Fighting,FALSE,Times you've seen it use Draining Kiss,40,Fairy,TRUE,Times you've seen it use Double-Edge,25,Normal,TRUE,Times you've given it food,5,,FALSE,Times you've seen it use a strong style move,15,,FALSE,Investigated what would make Blissey help a human,1,,FALSE,,,,FALSE
89,Budew,Number caught,25,Number you've caught without being spotted,20,,FALSE,Number caught during daylight hours,20,,FALSE,Number defeated,5,,FALSE,Times you've seen it use Absorb,40,Grass,TRUE,Times you've given it food,5,,FALSE,Number you've evolved,3,,FALSE,,,,FALSE,,,,FALSE
90,Roselia,Number caught,25,Number caught during daylight hours,10,,FALSE,Number defeated,25,,FALSE,Number you've defeated with Psychic-type moves,10,Psychic,FALSE,Times you've seen it use Poison Powder,40,,FALSE,Number of different forms you've obtained,2,,FALSE,Number you've evolved,3,,FALSE,,,,FALSE,,,,FALSE
91,Roserade,Number caught,10,Number defeated,10,,FALSE,Number you've defeated with Flying-type moves,3,Flying,FALSE,Times you've seen it use Energy Ball,25,Grass,TRUE,Times you've seen it use Petal Dance,40,Grass,TRUE,Times you've seen it use an agile style move,40,,FALSE,Times you've stunned it by using items,10,,FALSE,Number of different forms you've obtained,2,,FALSE,,,,FALSE
92,Carnivine,Number caught,25,Number of alpha specimens caught,1,,FALSE,Number of large specimens caught,10,,FALSE,Number defeated,25,,FALSE,Number you've defeated with Flying-type moves,25,Flying,FALSE,Times you've seen it use Acid Spray,25,Poison,TRUE,Times you've seen it use a strong style move,15,,FALSE,Times you've stunned it by using items,5,,FALSE,,,,FALSE
93,Petilil,Number caught,25,Number of small specimens you've caught,10,,FALSE,Number you've caught without being spotted,20,,FALSE,Number defeated,15,,FALSE,Times you've seen it use Poison Powder,25,,FALSE,Times you've given it food,10,,FALSE,Number you've evolved,1,,FALSE,,,,FALSE,,,,FALSE
94,Lilligant,Number caught,5,Times you've seen it use Petal Dance,25,Grass,TRUE,Times you've seen it use Victory Dance,40,,FALSE,Times you've seen it use an agile style move,40,,FALSE,,,,FALSE,,,,FALSE,,,,FALSE,,,,FALSE,,,,FALSE
95,Tangela,Number caught,25,Number you've caught without being spotted,10,,FALSE,Number defeated,15,,FALSE,Number you've defeated with Fire-type moves,10,Fire,FALSE,Times you've seen it use Ancient Power,25,Rock,TRUE,Times you've given it food,5,,FALSE,Number you've evolved,1,,FALSE,,,,FALSE,,,,FALSE
96,Tangrowth,Number caught,10,Number of alpha specimens caught,3,,FALSE,Number defeated,10,,FALSE,Number you've defeated with Poison-type moves,3,Poison,FALSE,Times you'vev seen it use Double Hit,25,,FALSE,Times you've seen it use Energy Ball,40,Grass,TRUE,Times you've seen it use a strong style move,40,,FALSE,Times you've stunned it by using items,3,,FALSE,Number of different forms you've obtained,2,,FALSE
97,Barboach,Number caught,15,Number you've caught without being spotted,20,,FALSE,Number defeated,15,,FALSE,Number you've defeated with Grass-type moves,10,Grass,FALSE,Times you've seen it use Mud-Slap,25,Ground,TRUE,Times you've seen it use Mud Bomb,25,Ground,TRUE,Times you've given it food,10,,FALSE,Number you've evolved,1,,FALSE,,,,FALSE
98,Whiscash,Number caught,15,Number of heavy specimens you've caught,10,,FALSE,Number defeated,15,,FALSE,Number you've defeated with Grass-type moves,20,Grass,FALSE,Times you've seen it use Mud Bomb,25,Ground,TRUE,Times you've seen it use Aqua Tail,40,Water,TRUE,Times you've seen it use a strong style move,25,,FALSE,,,,FALSE,,,,FALSE
99,Croagunk,Number caught,15,Number defeated,40,,FALSE,Number you've defeated with Psychic-type moves,20,Psychic,FALSE,Times you've seen it use Mud Bomb,25,Ground,FALSE,Times you've scared it off with a Scatter Bang,5,,FALSE,Number of different forms you've obtained,2,,FALSE,Number you've evolved,1,,FALSE,Investigated Croagunk poison's medicinal properties,1,,FALSE,,,,FALSE
100,Toxicroak,Number caught,15,Number of alpha specimens caught,1,,FALSE,Number defeated,25,,FALSE,Number you've defeated with Psychic-type moves,20,Psychic,FALSE,Times you've seen it use Venoshock,40,Poison,TRUE,Times you've seen it use Nasty Plot,25,,FALSE,Times you've seen it use a strong style move,25,,FALSE,Times you've scared it off with a Scatter Bang,5,,FALSE,Number of different forms you've obtained,2,,FALSE
101,Ralts,Number caught,25,Number of small specimens you've caught,10,,FALSE,Number you've caught without being spotted,20,,FALSE,Number defeated,15,,FALSE,Times you've seen it use Hypnosis,25,,FALSE,Times you've given it food,5,,FALSE,Number you've evolved,3,,FALSE,,,,FALSE,,,,FALSE
102,Kirlia,Number caught,15,Number of small specimens you've caught,10,,FALSE,Number you've caught without being spotted,10,,FALSE,Number defeated,15,,FALSE,Times you've seen it use Draining Kiss,25,Fairy,TRUE,Times you've given it food,5,,FALSE,Number you've evolved,3,,FALSE,,,,FALSE,,,,FALSE
103,Gardevoir,Number caught,10,Number of alpha specimens caught,3,,FALSE,Number defeated,10,,FALSE,Number you've defeated with Steel-type moves,3,Steel,FALSE,Times you've seen it use Dazzling Gleam,25,Fairy,TRUE,Times you've seen it use Psychic,40,Psychic,TRUE,Times you've seen it use an agile style move,40,,FALSE,,,,FALSE,,,,FALSE
104,Gallade,Number caught,10,Number of alpha specimens caught,3,,FALSE,Number defeated,5,,FALSE,Number you've defeated with Ghost-type moves,5,Ghost,FALSE,Times you've seen it use Swords Dance,25,,FALSE,Times you've seen it use Close Combat,40,Fighting,TRUE,Times you've seen it use an agile style move,70,,FALSE,Times you've stunned it by using items,5,,FALSE,,,,FALSE
105,Yanma,Number caught,25,Number you've caught without being spotted,10,,FALSE,Number caught in the evening,20,,FALSE,Number defeated,15,,FALSE,Number you've defeated with Rock-type moves,10,Rock,FALSE,Times you've seen it use Ancient Power,40,Rock,TRUE,Number you've evolved,1,,FALSE,,,,FALSE,,,,FALSE
106,Yanmega,Number caught,15,Number of alpha specimens caught,3,,FALSE,Number you've caught without being spotted,10,,FALSE,Number defeated,15,,FALSE,Number you've defeated with Flying-type moves,20,Flying,FALSE,Times you've seen it use Ancient Power,25,Rock,TRUE,Times you've seen it use Bug Buzz,40,Bug,TRUE,Times you've seen it use a strong style move,40,,FALSE,,,,FALSE
107,Hippopotas,Number caught,25,Number you've caught without being spotted,20,,FALSE,Number defeated,15,,FALSE,Number you've defeated with Grass-type moves,10,Grass,FALSE,Times you've seen it use Bite,25,Dark,TRUE,Times you've given it food,8,,FALSE,Number of different forms you've obtained,2,,FALSE,Number you've evolved,1,,FALSE,,,,FALSE
108,Hippowdon,Number caught,15,Number of alpha specimens caught,3,,FALSE,Number defeated,15,,FALSE,Number you've defeated with Ice-type moves,25,Ice,FALSE,Times you've seen it use Mud Bomb,40,Ground,TRUE,Times you've seen it use a strong style move,40,,FALSE,Times you've stunned it with items,5,,FALSE,Number of different forms you've obtained,2,,FALSE,,,,FALSE
109,Pachirisu,Number caught,15,Number you've caught while they were sleeping,1,,FALSE,Number defeated,15,,FALSE,Times you've seen it use Spark,40,Electric,TRUE,Times you've given it food,5,,FALSE,Number you've seen leap out of trees,25,,FALSE,Number of different forms you've obtained,2,,FALSE,Investigated strategies for battling with Pachirisu,1,,FALSE,,,,FALSE
110,Stunky,Number caught,15,Number defeated,40,,FALSE,Number you've defeated with Ground-type moves,25,Ground,FALSE,Times you've seen it use Poison Gas,25,,FALSE,Times you've seen it use Acid Spray,25,Poison,TRUE,Times you've stunned it by using items,5,,FALSE,Number you've evolved,1,,FALSE,,,,FALSE,,,,FALSE
111,Skuntank,Number caught,15,Number of alpha specimens caught,1,,FALSE,Number defeated,25,,FALSE,Number you've defeated with Ground-type moves,25,Ground,FALSE,Times you've seen it use Venoshock,25,Poison,TRUE,Times you've seen it use Flamethrower,40,Fire,TRUE,Times you've seen it use a strong style move,25,,FALSE,Times you've stunned it by using items,5,,FALSE,,,,FALSE
112,Teddiursa,Number caught,15,Number of heavy specimens you've caught,10,,FALSE,Number you've caught without being spotted,10,,FALSE,Number defeated,15,,FALSE,Times you've seen it use Baby-Doll Eyes,40,,FALSE,Times you've given it food,10,,FALSE,Number you've evolved,3,,FALSE,,,,FALSE,,,,FALSE
113,Ursaring,Number caught,15,Number defeated,40,,FALSE,Number you've defeated with Fighting-type moves,20,Fighting,FALSE,Times you've seen it use Bulldoze,40,Ground,TRUE,Times you've seen it use Slash,25,Normal,TRUE,Times you've scared it off with a Scatter Bang,5,,FALSE,Number of different forms you've obtained,2,,FALSE,Number you've evolved,3,,FALSE,,,,FALSE
114,Ursaluna,Number caught,5,Times you've seen it use Headlong Rush,40,Ground,TRUE,Times you've seen it use Double-Edge,25,Normal,TRUE,Times you've seen it use a strong style move,40,,FALSE,Times you've seen it use an agile style move,40,,FALSE,,,,FALSE,,,,FALSE,,,,FALSE,,,,FALSE
115,Goomy,Number caught,25,Number you've caught without being spotted,20,,FALSE,Number defeated,15,,FALSE,Times you've seen it use Acid Spray,25,Poison,TRUE,Times you've seen it use Acid Armor,25,,FALSE,Times you've given it food,8,,FALSE,Number you've evolved,3,,FALSE,,,,FALSE,,,,FALSE
116,Sliggoo,Number caught,15,Number defeated,15,,FALSE,Number you've defeated with Ground-type moves,10,Ground,FALSE,Times you've seen it use Water Pulse,40,Water,FALSE,Times you've seen it use Iron Head,40,Steel,TRUE,Number you've evolved,3,,FALSE,,,,FALSE,,,,FALSE,,,,FALSE
117,Goodra,Number caught,10,Number of alpha specimens caught,3,,FALSE,Number defeated,5,,FALSE,Number you've defeated with Fighting-type moves,3,Fighting,FALSE,Times you've seen it use Dragon Pulse,25,Dragon,TRUE,Times you've seen it use Shelter,40,,FALSE,Times you've seen it use a strong style move,70,,FALSE,,,,FALSE,,,,FALSE
118,Onix,Number caught,15,Number of large specimens you've caught,7,,FALSE,Number defeated,15,,FALSE,Number you've defeated with Water-type moves,10,Water,FALSE,Times you've seen it use Rock Slide,40,Rock,TRUE,Times you've seen it use Stealth Rock,25,Rock,TRUE,Number you've evolved,1,,FALSE,,,,FALSE,,,,FALSE
119,Steelix,Number caught,10,Number of alpha specimens caught,3,,FALSE,Number defeated,10,,FALSE,Number you've defeated with Fire-type moves,3,Fire,FALSE,Times you've seen it use Stealth Rock,25,Rock,TRUE,Times you've seen it use Iron Tail,25,Steel,TRUE,Times you've seen it use a strong style move,15,,FALSE,Number of different forms you've obtained,2,,FALSE,,,,FALSE
120,Rhyhorn,Number caught,25,Number of heavy specimens you've caught,10,,FALSE,Number defeated,25,,FALSE,Number you've defeated with Grass-type moves,25,Grass,FALSE,Times you've seen it use Stealth Rock,25,Rock,TRUE,Times you've stunned it by using items,5,,FALSE,Number of different forms you've obtained,2,,FALSE,Number you've evolved,3,,FALSE,,,,FALSE
121,Rhydon,Number caught,15,Number defeated,40,,FALSE,Number you've defeated with Water-type moves,20,Water,FALSE,Times you've seen it use Rock Slide,40,Rock,TRUE,Times you've seen it use Double-Edge,40,Normal,TRUE,Times you've seen it use a strong style move,40,,FALSE,Number of different forms you've obtained,2,,FALSE,,,,FALSE,,,,FALSE
122,Rhyperior,Number caught,10,Number of alpha specimens caught,3,,FALSE,Number defeated,10,,FALSE,Number you've defeated with Ice-type moves,3,Ice,FALSE,Times you've seen it use Rock Slide,25,Rock,TRUE,Times you've seen it use Double-Edge,40,Normal,TRUE,Times you've seen it use a strong style move,40,,FALSE,Times you've stunned it by using items,3,,FALSE,Number of different forms you've obtained,2,,FALSE
123,Bonsly,Number caught,5,Number caught without being spotted,5,,FALSE,Times you've seen it use Mimic,25,,FALSE,Times you've given it food,5,,FALSE,Number you've seen leap out of ore deposits,5,,FALSE,Number you've evolved,1,,FALSE,,,,FALSE,,,,FALSE,,,,FALSE
124,Sudowoodo,Number caught,25,Number you've caught without being spotted,20,,FALSE,Number defeated,15,,FALSE,Number you've defeated with Water-type moves,10,Water,FALSE,Times you've seen it use Mimic,25,,FALSE,Times you've scared it off with a Scatter Bang,5,,FALSE,Number of different forms you've obtained,2,,FALSE,Investigated the causes behind the listless Sudowoodo,1,,FALSE,,,,FALSE
125,Lickitung,Number caught,15,Number you've caught while they were sleeping,1,,FALSE,Number defeated,15,,FALSE,Number you've defeated with Fighting-type moves,10,Fighting,FALSE,Times you've seen it use Rollout,25,Rock,TRUE,Times you've given it food,50,,FALSE,Number evolved,1,,FALSE,,,,FALSE,,,,FALSE
126,Lickilicky,Number caught,10,Number of alpha specimens caught,3,,FALSE,Number defeated,10,,FALSE,Number you've defeated with Fighting-type moves,3,Fighting,FALSE,Times you've seen it use Zen Headbutt,25,Psychic,TRUE,Times you've seen it use Giga Impact,40,Normal,TRUE,Times you've seen it use a strong style move,40,,FALSE,Times you've stunned it by using items,3,,FALSE,,,,FALSE
127,Togepi,Number caught,15,Number of small specimens you've caught,7,,FALSE,Number you've caught without being spotted,10,,FALSE,Number you've caught while they were sleeping,1,,FALSE,Times you've seen it use Draining Kiss,25,Fairy,TRUE,Times you've given it food,5,,FALSE,Number you've evolved,3,,FALSE,,,,FALSE,,,,FALSE
128,Togetic,Number caught,15,Number you've caught while they were in the air,5,,FALSE,Number defeated,1,,FALSE,Times you've seen it use Fairy Wind,25,Fairy,TRUE,Times you've seen it use Air Slash,40,Flying,TRUE,Times you've seen it use an agile style move,40,,FALSE,Number you've evolved,3,,FALSE,,,,FALSE,,,,FALSE
129,Togekiss,Number caught,10,Number of light specimens you've caught,3,,FALSE,Number you've caught while they were flying in the air,3,,FALSE,Number defeated,1,,FALSE,Times you've seen it use Air Slash,25,Flying,TRUE,Times you've seen it use Extrasensory,25,Psychic,TRUE,Times you've seen it use Moonblast,40,Fairy,TRUE,Times you've seen it use an agile style move,70,,FALSE,,,,FALSE
130,Turtwig,Number caught,10,Number you've caught without being spotted,5,,FALSE,Times you've seen it use Leafage,25,Grass,TRUE,Times you've given it food,5,,FALSE,Number evolved,1,,FALSE,,,,FALSE,,,,FALSE,,,,FALSE,,,,FALSE
131,Grotle,Number caught,5,Times you've seen it use Bite,25,Dark,TRUE,Times you've seen it use Leaf Blade,40,Grass,TRUE,Times you've given it food,5,,FALSE,Number you've evolved,3,,FALSE,,,,FALSE,,,,FALSE,,,,FALSE,,,,FALSE
132,Torterra,Number caught,5,Number defeated,5,,FALSE,Number you've defeated with Ice-type moves,3,Ice,FALSE,Times you've seen it use Wood Hammer,40,Grass,TRUE,Times you've seen it use Headlong Rush,40,Ground,TRUE,Times you've seen it use a strong style move,40,,FALSE,Times you've stunned it by using items,5,,FALSE,,,,FALSE,,,,FALSE
133,Porygon,Number caught,5,Number of large specimens you've caught,3,,FALSE,Times you've seen it use Tackle,15,Normal,TRUE,Times you've seen it use Tri Attack,40,Normal,TRUE,Number you've evolved,3,,FALSE,,,,FALSE,,,,FALSE,,,,FALSE,,,,FALSE
134,Porygon2,Number caught,5,Times you've seen it use Thunderbolt,40,Electric,TRUE,Times you've seen it use Recover,25,,FALSE,Number you've evolved,3,,FALSE,,,,FALSE,,,,FALSE,,,,FALSE,,,,FALSE,,,,FALSE
135,Porygon-Z,Number caught,5,Times you've seen it use Thunderbolt,25,Electric,TRUE,Times you've seen it use Recover,25,,FALSE,Times you've seen it use Hyper Beam,40,Normal,TRUE,Times you've seen it use a strong style move,25,,FALSE,Times you've seen it use an agile style move,25,,FALSE,,,,FALSE,,,,FALSE,,,,FALSE
136,Gastly,Number caught,25,Number caught at night,20,,FALSE,Number defeated,25,,FALSE,Number you've defeated with Ghost-type moves,20,Ghost,FALSE,Times you've seen it use Astonish,25,Ghost,TRUE,Times you've scared it off with a Scatter Bang,5,,FALSE,Number you've evolved,3,,FALSE,,,,FALSE,,,,FALSE
137,Haunter,Number caught,15,Number caught at night,20,,FALSE,Number defeated,25,,FALSE,Number you've defeated with Dark-type moves,20,Dark,FALSE,Times you've seen it use Venoshock,25,Poison,TRUE,Times you've scared it off with a Scatter Bang,7,,FALSE,Number you've evolved,3,,FALSE,,,,FALSE,,,,FALSE
138,Gengar,Number caught,5,Times you've seen it use Hypnosis,25,,FALSE,Times you've seen it use Shadow Ball,70,Ghost,TRUE,Times you've seen it use an agile style move,70,,FALSE,,,,FALSE,,,,FALSE,,,,FALSE,,,,FALSE,,,,FALSE
139,Spiritomb,Number caught,1,Times you've seen it use Hex,40,Ghost,TRUE,Times you've seen it use Dark Pulse,40,Dark,TRUE,Times you've seen it use a strong style move,70,,FALSE,,,,FALSE,,,,FALSE,,,,FALSE,,,,FALSE,,,,FALSE
140,Murkrow,Number caught,25,Number caught at night,20,,FALSE,Number defeated,25,,FALSE,Number you've defeated with Rock-type moves,20,Rock,FALSE,Times you've seen it use Roost,25,,FALSE,Number of different forms you've obtained,2,,FALSE,Number you've evolved,1,,FALSE,,,,FALSE,,,,FALSE
141,Honchkrow,Number caught,10,Number of alpha specimens caught,3,,FALSE,Number you've caught while they were in the air,5,,FALSE,Number defeated,10,,FALSE,Number you've defeated with Fairy-type moves,3,Fairy,FALSE,Times you've seen it use Snarl,25,Dark,TRUE,Times you've seen it use Dark Pulse,40,Dark,TRUE,Times you've seen it use a strong style move,40,,FALSE,,,,FALSE
143,Spheal,Number caught,25,Number of heavy specimens you've caught,10,,FALSE,Number defeated,25,,FALSE,Times you've seen it use Rollout,25,Rock,TRUE,Times you've given it food,8,,FALSE,Times you've scared it off with a Scatter Bang,5,,FALSE,Number you've evolved,3,,FALSE,,,,FALSE,,,,FALSE
144,Sealeo,Number caught,15,Number of heavy specimens you've caught,7,,FALSE,Number defeated,25,,FALSE,Number you've defeated with Rock-type moves,10,Rock,FALSE,Times you've seen it use Liquidation,25,Water,TRUE,Times you've given it food,10,,FALSE,Number you've evolved,3,,FALSE,,,,FALSE,,,,FALSE
145,Walrein,Number caught,10,Number of alpha specimens caught,3,,FALSE,Number defeated,10,,FALSE,Number you've defeated with Fighting-type moves,3,Fighting,FALSE,Times you've seen it use Ice Beam,25,Ice,TRUE,Times you've seen it use Blizzard,40,Ice,TRUE,Times you've seen it use a strong style move,40,,FALSE,Times you've stunned it by using items,8,,FALSE,,,,FALSE
146,Remoraid,Number caught,15,Number you've caught without being spotted,10,,FALSE,Number defeated,25,,FALSE,Number you've defeated with Grass-type moves,10,Grass,FALSE,Times you've seen it use Charge Beam,25,Electric,TRUE,Times you've seen it use Ice Beam,25,Ice,TRUE,Number you've evolved,1,,FALSE,,,,FALSE,,,,FALSE
147,Octillery,Number caught,15,Number of alpha specimens you've caught,3,,FALSE,Number defeated,15,,FALSE,Number you've defeated with Electric-type moves,20,Electric,FALSE,Times you've seen it use Hydro Pump,25,Water,TRUE,Times you've seen it use Hyper Beam,40,Normal,TRUE,Times you've seen it use a strong style move,15,,FALSE,Number of different forms you've obtained,2,,FALSE,,,,FALSE
148,Skorupi,Number caught,25,Number of small specimens you've caught,7,,FALSE,Number defeated,25,,FALSE,Number you've defeated with Fire-type moves,10,Fire,FALSE,Times you've seen it use Poison Sting,25,Poison,TRUE,Number you've evolved,1,,FALSE,,,,FALSE,,,,FALSE,,,,FALSE
149,Drapion,Number caught,10,Number of alpha specimens caught,3,,FALSE,Number defeated,10,,FALSE,Number you've defeated with Ground-type moves,5,Ground,FALSE,Times you've seen it use Venoshock,25,Poison,TRUE,Times you've seen it use Cross Poison,40,Poison,TRUE,Times you've stunned it by using items,10,,FALSE,Times you've seen it use a strong style move,25,,FALSE,,,,FALSE
150,Growlithe,Number caught,25,Number you've caught without being spotted,10,,FALSE,Number you've caught while they were sleeping,1,,FALSE,Number defeated,15,,FALSE,Number defeated with Water-type moves,10,Water,FALSE,Times you've seen it use Fire Fang,25,Fire,TRUE,Times you've given it food,5,,FALSE,Number you've evolved,1,,FALSE,,,,FALSE
151,Arcanine,Number caught,5,Times you've seen it use Rock Slide,25,Rock,TRUE,Times you've seen it use Raging Fury,25,Fire,TRUE,Times you've seen it use Flare Blitz,25,Fire,TRUE,Times you've seen it use a strong style move,15,,FALSE,Times you've seen it use an agile style move,15,,FALSE,,,,FALSE,,,,FALSE,,,,FALSE
152,Glameow,Number caught,25,Number of light specimens you've caught,10,,FALSE,Number you've caught without being spotted,20,,FALSE,Number defeated,15,,FALSE,Times you've seen it use Nasty Plot,25,,FALSE,Times you've given it food,5,,FALSE,Number you've evolved,1,,FALSE,,,,FALSE,,,,FALSE
153,Purugly,Number caught,15,Number of heavy specimens you've caught,10,,FALSE,Number you've caught without being spotted,10,,FALSE,Number defeated,25,,FALSE,Times you've seen it use Play Rough,25,Fairy,TRUE,Times you've seen it use Double-Edge,40,Normal,FALSE,Times you've given it food,20,,FALSE,Times you've seen it use an agile style move,25,,FALSE,,,,FALSE
154,Machop,Number caught,15,Number of heavy specimens you've caught,7,,FALSE,Number defeated,40,,FALSE,Number you've defeated with Flying-type moves,25,Fighting,FALSE,Times you've seen it use Rock Smash,25,Fighting,TRUE,Times you've seen it use a strong style move,25,,FALSE,Times you've stunned it by using items,5,,FALSE,Number you've evolved,3,,FALSE,,,,FALSE
155,Machoke,Number caught,15,Number defeated,40,,FALSE,Number you've defeated with Psychic-type moves,10,Psychic,FALSE,Times you've seen it use Bullet Punch,25,Grass,TRUE,Times you've seen it use a strong style move,15,,FALSE,Times you've stunned it by using items,5,,FALSE,Number you've evolved,3,,FALSE,,,,FALSE,,,,FALSE
156,Machamp,Number caught,10,Number of alpha specimens caught,3,,FALSE,Number defeated,10,,FALSE,Number you've defeated with Fairy-type moves,3,Fairy,FALSE,Times you've seen it use Bulk Up,25,,FALSE,Times you've seen it use Close Combat,40,Fighting,TRUE,Times you've seen it use a strong style move,70,,FALSE,Times you've stunned it by using items,5,,FALSE,,,,FALSE
157,Chatot,Number caught,15,Number caught during daylight hours,10,,FALSE,Number defeated,15,,FALSE,Number you've defeated with Electric-type moves,10,Electric,FALSE,Times you've seen it use Air Cutter,25,Flying,TRUE,Times you've seen it use an agile style move,40,,FALSE,Times you've given it food,5,,FALSE,,,,FALSE,,,,FALSE
158,Duskull,Number caught,25,Number caught at night,10,,FALSE,Number you've caught without being spotted,20,,FALSE,Number defeated,25,,FALSE,Number you've defeated with Ghost-type moves,10,Ghost,FALSE,Times you've seen it use Hex,25,Ghost,TRUE,Times you've scared it off with a Scatter Bang,5,,FALSE,Number you've evolved,3,,FALSE,,,,FALSE
159,Dusclops,Number caught,15,Number caught at night,10,,FALSE,Number defeated,15,,FALSE,Number you've defeated with Ghost-type moves,20,Ghost,FALSE,Times you've seen it use Dark Pulse,25,Dark,TRUE,Times you've seen it use Shadow Ball,40,Ghost,TRUE,Number you've evolved,3,,FALSE,,,,FALSE,,,,FALSE
160,Dusknoir,Number caught,10,Number of alpha specimens caught,3,,FALSE,Number defeated,5,,FALSE,Number you've defeated with Dark-type moves,5,Dark,FALSE,Times you've seen it use Dark Pulse,25,Dark,TRUE,Times you've seen it use Shadow Ball,40,Ghost,TRUE,Times you've seen it use a strong style move,70,,FALSE,Times you've stunned it by using items,5,,FALSE,,,,FALSE
161,Piplup,Number caught,10,Number you've caught without being spotted,5,,FALSE,Times you've seen it use Bubble,25,Water,TRUE,Times you've given it food,5,,FALSE,Number you've evolved,1,,FALSE,,,,FALSE,,,,FALSE,,,,FALSE,,,,FALSE
162,Prinplup,Number caught,5,Times you've seen it use Water Pulse,25,Water,TRUE,Times you've seen it use Roost,25,,FALSE,Times you've given it food,5,,FALSE,Number you've evolved,3,,FALSE,,,,FALSE,,,,FALSE,,,,FALSE,,,,FALSE
163,Empoleon,Number caught,5,Number defeated,5,,FALSE,Number you've defeated with Fighting-type moves,3,Fighting,FALSE,Times you've seen it use Hydro Pump,40,Water,TRUE,Times you've seen it use Wave Crash,40,Water,TRUE,Times you've seen it use a strong style move,40,,FALSE,Times you've stunned it by using items,5,,FALSE,,,,FALSE,,,,FALSE
164,Mantyke,Number caught,15,Number of small specimens you've caught,7,,FALSE,Number you've caught without being spotted,10,,FALSE,Number defeated,15,,FALSE,Number you've defeated with Electric-type moves,10,Electric,FALSE,Times you've seen it use Water Pulse,25,Water,TRUE,Number you've evolved,1,,FALSE,,,,FALSE,,,,FALSE
165,Mantine,Number caught,15,Number of large specimens you've caught,7,,FALSE,Number defeated,15,,FALSE,Number you've defeated with Electric-type moves,20,Electric,FALSE,Times you've seen it use Air Slash,40,Flying,TRUE,Times you've seen it use Double-Edge,25,Normal,TRUE,Times you've seen it use an agile style move,25,,FALSE,,,,FALSE,,,,FALSE
166,Basculin,Number caught,15,Number of large specimens you've caught,7,,FALSE,Times you've seen it use Wave Crash,40,Water,TRUE,Times you've seen it use Double-Edge,40,Normal,TRUE,Number evolved,1,,FALSE,,,,FALSE,,,,FALSE,,,,FALSE,,,,FALSE
167,Basculegion,Number caught,5,Times you've seen it use Wave Crash,40,Water,TRUE,Times you've seen it use Shadow Ball,25,Ghost,TRUE,Times you've seen it use a strong style move,40,,FALSE,Times you've seen it use an agile style move,40,,FALSE,,,,FALSE,,,,FALSE,,,,FALSE,,,,FALSE
168,Vulpix,Number caught,25,Number you've caught without being spotted,10,,FALSE,Number you've caught while they were sleeping,1,,FALSE,Number defeated,15,,FALSE,Times you've seen it use Ember,25,Fire,TRUE,Times you've given it food,5,,FALSE,Number you've evolved,3,,FALSE,Investigate about Vulpix from the Alola region,1,,FALSE,,,,FALSE
169,Ninetails,Number caught,10,Number of alpha specimens caught,3,,FALSE,Number defeated,10,,FALSE,Number you've defeated with Water-type moves,3,Water,FALSE,Times you've seen it use Flamethrower,25,Fire,TRUE,Times you've seen it use Fire Blast,40,Fire,TRUE,Times you've seen it use an agile style move,15,,FALSE,Number of different forms you've obtained,2,,FALSE,,,,FALSE
170,Tentacool,Number caught,15,Number of light specimens you've caught,7,,FALSE,Number you've caught without being spotted,10,,FALSE,Number defeated,25,,FALSE,Number you've defeated with Electric-type moves,20,Electric,FALSE,Times you've seen it use Bubble,25,Water,TRUE,Number you've evolved,1,,FALSE,,,,FALSE,,,,FALSE
171,Tentacruel,Number caught,15,Number of alpha specimens caught,3,,FALSE,Number you've caught without being spotted,10,,FALSE,Number defeated,15,,FALSE,Number you've defeated with Electric-type moves,10,Electric,FALSE,Times you've seen it use Poison Jab,25,Poison,TRUE,Times you've seen it use Hydro Pump,40,Water,TRUE,Times you've seen it use an agile style move,70,,FALSE,,,,FALSE
172,Finneon,Number caught,15,Number you've caught without being spotted,10,,FALSE,Number caught at night,10,,FALSE,Number defeated,15,,FALSE,Number you've defeated with Grass-type moves,10,Grass,FALSE,Times you've seen it use Bubble,25,Water,TRUE,Number of different forms you've obtained,2,,FALSE,Number you've evolved,1,,FALSE,,,,FALSE
173,Lumineon,Number caught,15,Number you've caught without being spotted,10,,FALSE,Number caught at night,10,,FALSE,Number defeated,15,,FALSE,Number you've defeated with Electric-type moves,10,Electric,FALSE,Times you've seen it use Silver Wind,40,Bug,TRUE,Times you've seen it use an agile style move,40,,FALSE,Number of different forms you've obtained,2,,FALSE,,,,FALSE
174,Magby,Number caught,5,Number you've caught without being spotted,10,,FALSE,Number you've caught while they were sleeping,1,,FALSE,Times you've seen it use Flame Wheel,25,Fire,TRUE,Times you've given it food,10,,FALSE,Number you've evolved,3,,FALSE,,,,FALSE,,,,FALSE,,,,FALSE
175,Magmar,Number caught,15,Number defeated,15,,FALSE,Number you've defeated with Water-type moves,20,Water,FALSE,Times you've seen it use Flamethrower,40,Fire,TRUE,Times you've seen it use Fire Blast,25,Fire,TRUE,Times you've stunned it by using items,10,,FALSE,Number you've evolved,3,,FALSE,,,,FALSE,,,,FALSE
176,Magmortar,Number caught,5,Times you've seen it use Fire Punch,25,Fire,TRUE,Times you've seen it use Flamethrower,40,Fire,TRUE,Times you've seen it use Fire Blast,40,Fire,TRUE,Times you've seen it use a strong style move,70,,FALSE,,,,FALSE,,,,FALSE,,,,FALSE,,,,FALSE
177,Magnemite,Number caught,15,Number of light specimens you've caught,5,,FALSE,Number defeated,15,,FALSE,Number you've defeated with Ground-type moves,10,Ground,FALSE,Times you've seen it use Thunder Shock,25,Electric,TRUE,Times you've seen it use Thunder Wave,25,,FALSE,Number you've evolved,3,,FALSE,,,,FALSE,,,,FALSE
178,Magneton,Number caught,10,Times you've seen it use Spark,25,Electric,TRUE,Times you've seen it use Tri Attack,25,Normal,TRUE,Times you've seen it use an agile style move,25,,FALSE,Number you've evolved,3,,FALSE,,,,FALSE,,,,FALSE,,,,FALSE,,,,FALSE
179,Magnezone,Number caught,15,Number you've caught while they were in the air,3,,FALSE,Times you've seen it use Flash Cannon,25,Steel,TRUE,Times you've seen it use Thunderbolt,40,Electric,TRUE,Times you've seen it use a strong style move,40,,FALSE,,,,FALSE,,,,FALSE,,,,FALSE,,,,FALSE
180,Bronzor,Number caught,25,Number of large specimens you've caught,7,,FALSE,Number you've caught without being spotted,10,,FALSE,Number defeated,15,,FALSE,Number you've defeated with Fire-type moves,10,Fire,FALSE,Times you've seen it use Confusion,25,Psychic,TRUE,Number you've seen leap out of ore deposits,15,,FALSE,Number you've evolved,1,,FALSE,,,,FALSE
181,Bronzong,Number caught,15,Number of heavy specimens you've caught,7,,FALSE,Number of alpha specimens caught,1,,FALSE,Number defeated,25,,FALSE,Number you've defeated with Ghost-type moves,25,Ghost,FALSE,Times you've seen it use Flash Cannon,25,Steel,TRUE,Times you've seen it use Extrasensory,25,Psychic,TRUE,Times you've seen it use a strong style move,40,,FALSE,,,,FALSE
182,Elekid,Number caught,5,Number you've caught without being spotted,10,,FALSE,Number you've caught while they were sleeping,1,,FALSE,Times you've seen it use Spark,25,Electric,TRUE,Times you've given it food,10,,FALSE,Number you've evolved,3,,FALSE,,,,FALSE,,,,FALSE,,,,FALSE
183,Electabuzz,Number caught,15,Number defeated,15,,FALSE,Number you've defeated with Ground-type moves,20,Ground,FALSE,Times you've seen it use Thunder Punch,40,Electric,TRUE,Times you've seen it use Thunder,25,Electric,TRUE,Times you've stunned it by using items,10,,FALSE,Number you've evolved,3,,FALSE,,,,FALSE,,,,FALSE
184,Electivire,Number caught,10,Number of alpha specimens caught,3,,FALSE,Number defeated,10,,FALSE,Number you've defeated with Ground-type moves,3,Ground,FALSE,Times you've seen it use Thunder Wave,25,,FALSE,Times you've seen it use Thunder Punch,40,Electric,TRUE,Times you've seen it use a strong style move,40,,FALSE,Times you've stunned it by using items,3,,FALSE,,,,FALSE
185,Gligar,Number caught,15,Number you've caught without being spotted,10,,FALSE,Number defeated,40,,FALSE,Number you've defeated with Ice-type moves,20,Ice,FALSE,Times you've seen it use Mud Bomb,25,Ground,TRUE,Times you've stunned it by using items,8,,FALSE,Number of different forms you've obtained,2,,FALSE,Number you've evolved,1,,FALSE,,,,FALSE
186,Gliscor,Number caught,10,Number of alpha specimens caught,3,,FALSE,Number defeated,10,,FALSE,Number you've defeated with Water-type moves,3,Water,FALSE,Times you've seen it use Mud Bomb,25,Ground,TRUE,Times you've seen it use X-Scissor,40,Bug,TRUE,Times you've seen it use a strong style move,70,,FALSE,Times you've stunned it by using items,5,,FALSE,,,,FALSE
187,Gible,Number caught,25,Number of heavy specimens you've caught,7,,FALSE,Number defeated,15,,FALSE,Number you've defeated with Ice-type moves,10,Ice,FALSE,Times you've seen it use Twister,25,Dragon,TRUE,Times you've seen it use Slash,40,Normal,TRUE,Number of different forms you've obtained,2,,FALSE,Number you've evolved,3,,FALSE,,,,FALSE
188,Gabite,Number caught,10,Number defeated,10,,FALSE,Number you've defeated with Dragon-type moves,3,Dragon,FALSE,Times you've seen it use Dragon Claw,25,Dragon,TRUE,Times you've stunned it by using items,8,,FALSE,Number of different forms you've obtained,2,,FALSE,Number you've evolved,3,,FALSE,,,,FALSE,,,,FALSE
189,Garchomp,Number caught,10,Number of alpha specimens caught,3,,FALSE,Number defeated,10,,FALSE,Number you've defeated with Fairy-type moves,3,Fairy,FALSE,Times you've seen it use Dragon Claw,40,Dragon,TRUE,Times you've seen it use Outrage,40,Dragon,TRUE,Times you've stunned it by using items,10,,FALSE,Times you've seen it use a strong style move,100,,FALSE,Number of different forms you've obtained,2,,FALSE
190,Nosepass,Number caught,25,Number of heavy specimens you've caught,10,,FALSE,Number you've caught without being spotted,25,,FALSE,Number defeated,15,,FALSE,Number you've defeated with Grass-type moves,10,Grass,FALSE,Times you've seen it use Iron Defense,25,,FALSE,Number you've seen leap out of ore deposits,15,,FALSE,Number you've evolved,1,,FALSE,Investigate an old saying about Nosepass's handiness,1,,FALSE
191,Probopass,Number caught,10,Number of alpha specimens caught,3,,FALSE,Number defeated,5,,FALSE,Number you've defeated with Ground-type moves,3,Ground,FALSE,Times you've seen it use Power Gem,25,Rock,TRUE,Times you've seen it use Earth Power,40,Ground,TRUE,Times you've seen it use a strong style move,70,,FALSE,Times you've stunned it by using items,10,,FALSE,,,,FALSE
192,Voltorb,Number caught,25,Number of heavy specimens you've caught,10,,FALSE,Number defeated,15,,FALSE,Number you've defeated with Fire-type moves,20,Fire,FALSE,Times you've seen it use Spark,40,Electric,TRUE,Times you've scared it off with a Scatter Bang,7,,FALSE,Number you've evolved,1,,FALSE,,,,FALSE,,,,FALSE
193,Electrode,Number caught,5,Times you've seen it use Thunder,25,Electric,TRUE,Times you've seen it use Chloroblast,40,Grass,TRUE,Times you've seen it use Self-Destruct,25,Normal,TRUE,Times you've seen it use a strong style move,25,,FALSE,Times you've seen it use an agile style move,40,,FALSE,,,,FALSE,,,,FALSE,,,,FALSE
194,Rotom,Number caught,10,Number defeated,5,,FALSE,Times you've seen it use Thunder Shock,25,Electric,TRUE,Times you've seen it use a strong style move,40,,FALSE,Times you've seen it use an agile style move,40,,FALSE,Number of different forms you've obtained,6,,FALSE,,,,FALSE,,,,FALSE,,,,FALSE
195,Chingling,Number caught,15,Number of light specimens you've caught,7,,FALSE,Number defeated,15,,FALSE,Times you've seen it use Confusion,25,Psychic,TRUE,Times you've given it food,10,,FALSE,Times you've scared it off with a Scatter Bang,5,,FALSE,Number you've evolved,1,,FALSE,,,,FALSE,,,,FALSE
196,Chimecho,Number caught,15,Number of light specimens you've caught,5,,FALSE,Number of alpha specimens caught,3,,FALSE,Number defeated,15,,FALSE,Times you've seen it use Ominous Wind,25,Ghost,TRUE,Times you've seen it use Extrasensory,40,Psychic,TRUE,Times you've seen it use an agile style move,40,,FALSE,Investigated a Chimecho settled in a human home,1,,FALSE,,,,FALSE
197,Misdreavus,Number caught,25,Number caught at night,20,,FALSE,Number you've caught without being spotted,20,,FALSE,Number defeated,15,,FALSE,Times you've seen it use Hex,25,Ghost,TRUE,Times you've given it food,8,,FALSE,Number you've evolved,1,,FALSE,,,,FALSE,,,,FALSE
198,Mismagius,Number caught,10,Number of alpha specimens caught,1,,FALSE,Number defeated,10,,FALSE,Number you've defeated with Dark-type moves,3,Dark,FALSE,Times you've seen it use Hex,40,Ghost,TRUE,Times you've seen it use Power Gem,40,Rock,TRUE,Times you've stunned it by using items,5,,FALSE,Times you've seen it use an agile style move,40,,FALSE,,,,FALSE
200,Clefairy,Number caught,15,Number you've caught without being spotted,10,,FALSE,Number caught at night,10,,FALSE,Number defeated,15,,FALSE,Times you've seen it use Draining Kiss,25,Fairy,TRUE,Times you've given it food,5,,FALSE,Number you've evolved,3,,FALSE,Investigate whether Clefairy dance under a full moon,1,,FALSE,,,,FALSE
201,Clefable,Number caught,10,Number of alpha specimens caught,3,,FALSE,Number caught at night,25,,FALSE,Number defeated,10,,FALSE,Number you've defeated with Poison-type moves,3,Poison,FALSE,Times you've seen it use Psychic,25,Psychic,TRUE,Times you've seen it use Moonblast,40,Fairy,TRUE,Times you've seen it use an agile style move,15,,FALSE,,,,FALSE
202,Sneasel,Number caught,25,Number of light specimens you've caught,7,,FALSE,Number defeated,15,,FALSE,Times you've seen it use Slash,25,Normal,TRUE,Times you've given it food,8,,FALSE,Number of different forms you've obtained,4,,FALSE,Number evolved,1,,FALSE,,,,FALSE,,,,FALSE
203,Sneasler,Number caught,5,Times you've seen it use Dire Claw,40,Poison,TRUE,Times you've seen it use Swords Dance,25,,FALSE,Times you've seen it use a strong style move,40,,FALSE,Times you've seen it use an agile style move,40,,FALSE,,,,FALSE,,,,FALSE,,,,FALSE,,,,FALSE
204,Weavile,Number caught,5,Times you've seen it use Slash,40,Normal,TRUE,Times you've seen it use Swords Dance,25,,FALSE,Times you've seen it use an agile style move,70,,FALSE,Number of different forms you've obtained,2,,FALSE,,,,FALSE,,,,FALSE,,,,FALSE,,,,FALSE
205,Snorunt,Number caught,25,Number of light specimens you've caught,10,,FALSE,Number you've caught without being spotted,20,,FALSE,Number defeated,25,,FALSE,Times you've seen it use Ice Fang,25,Ice,TRUE,Times you've given it food,10,,FALSE,Number you've evolved,1,,FALSE,,,,FALSE,,,,FALSE
206,Glalie,Number caught,25,Number of heavy specimens you've caught,10,,FALSE,Number of alpha specimens you've caught,3,,FALSE,Number defeated,40,,FALSE,Number you've defeated with Steel-type moves,25,Steel,FALSE,Times you've seen it use Ice Fang,40,Ice,TRUE,Times you've seen it use Crunch,25,Dark,TRUE,Times you've seen it use a strong style move,15,,FALSE,Times you've stunned it by using items,5,,FALSE
207,Froslass,Number caught,10,Number of alpha specimens caught,3,,FALSE,Number defeated,5,,FALSE,Times you've seen it use Icicle Crash,40,Ice,TRUE,Times you've given it food,5,,FALSE,Times you've seen it use an agile style move,15,,FALSE,,,,FALSE,,,,FALSE,,,,FALSE
208,Cranidos,Number caught,10,Number of large specimens you've caught,5,,FALSE,Times you've seen it use Ancient Power,25,Rock,TRUE,Number you've evolved,1,,FALSE,,,,FALSE,,,,FALSE,,,,FALSE,,,,FALSE,,,,FALSE
209,Rampardos,Number caught,10,Times you've seen it use Iron Head,25,Steel,TRUE,Times you've seen it use Double-Edge,40,Normal,TRUE,Times you've seen it use Head Smash,40,Rock,TRUE,Times you've seen it use a strong style move,15,,FALSE,,,,FALSE,,,,FALSE,,,,FALSE,,,,FALSE
210,Shieldon,Number caught,10,Number of heavy specimens you've caught,5,,FALSE,Times you've seen it use Ancient Power,25,Rock,TRUE,Number you've evolved,1,,FALSE,,,,FALSE,,,,FALSE,,,,FALSE,,,,FALSE,,,,FALSE
211,Bastiodon,Number caught,10,Times you've seen it use Iron Defense,25,,FALSE,Times you've seen it use Earth Power,40,Ground,TRUE,Times you've seen it use Stealth Rock,40,Rock,TRUE,Times you've seen it use an agile style move,15,,FALSE,,,,FALSE,,,,FALSE,,,,FALSE,,,,FALSE
212,Swinub,Number caught,25,Number of heavy specimens you've caught,10,,FALSE,Number Defeated,15,,FALSE,Times you've seen it use Ice Shard,25,Ice,TRUE,Times you've given it food,10,,FALSE,Number you've evolved,3,,FALSE,Investigate Swinub's supposed special skill,1,,FALSE,,,,FALSE,,,,FALSE
213,Piloswine,Number caught,15,Number of heavy specimens you've caught,7,,FALSE,Number defeated,25,,FALSE,Number you've defeated with Grass-type moves,20,Grass,FALSE,Times you've seen it use Ancient Power,25,Rock,TRUE,Number of different forms you've obtained,2,,FALSE,,,,FALSE,,,,FALSE,,,,FALSE
214,Mamoswine,Number caught,10,Number of alpha specimens caught,3,,FALSE,Number defeated,5,,FALSE,Number you've defeated with Fire-type moves,5,Fire,FALSE,Times you've seen it use High Horsepower,25,Ground,TRUE,Times you've seen it use Blizzard,40,Ice,TRUE,Times you've seen it use a strong style move,70,,FALSE,Times you've stunned it by using items,5,,FALSE,Number of different forms you've obtained,2,,FALSE
215,Bergmite,Number caught,25,Number of light specimens you've caught,10,,FALSE,Number defeated,15,,FALSE,Times you've seen it use Ice Shard,25,Ice,TRUE,Times you've given it food,10,,FALSE,Number you've seen leap out of ore deposits,15,,FALSE,Number you've evolved,1,,FALSE,,,,FALSE,,,,FALSE
216,Avalugg,Number caught,15,Number of heavy specimens you've caught,7,,FALSE,Number defeated,15,,FALSE,Number you've defeated with Fighting-type moves,25,Fighting,FALSE,Times you've seen it use Mountain Gale,40,Ice,TRUE,Times you've seen it use Blizzard,25,Ice,TRUE,Times you've seen it use a strong style move,40,,FALSE,,,,FALSE,,,,FALSE
217,Snover,Number caught,25,Number of large specimens you've caught,10,,FALSE,Number defeated,15,,FALSE,Number you've defeated with Fire-type moves,10,Fire,FALSE,Times you've seen it use Powder Snow,25,Ice,TRUE,Number of different forms you've obtained,2,,FALSE,Number you've evolved,1,,FALSE,,,,FALSE,,,,FALSE
218,Abomasnow,Number caught,15,Number of alpha specimens caught,1,,FALSE,Number defeated,25,,FALSE,Number you've defeated with Fire-type moves,20,Fire,FALSE,Times you've seen it use Blizzard,25,Ice,TRUE,Times you've seen it use Wood Hammer,40,Grass,TRUE,Times you've seen it use an strong style move,70,,FALSE,Number of different forms you've obtained,2,,FALSE,,,,FALSE
219,Zorua,Number caught,25,Number caught at night,20,,FALSE,Number defeated,10,,FALSE,Number you've defeated with Dark-type moves,10,Dark,FALSE,Times you've seen it use Snarl,40,Dark,TRUE,Times you've given it food,10,,FALSE,Number you've evolved,1,,FALSE,,,,FALSE,,,,FALSE
220,Zoroark,Number caught,10,Number defeated,5,,FALSE,Number you've defeated with Dark-type moves,10,Dark,FALSE,Times you've seen it use Bitter Malice,40,Ghost,TRUE,Times you've seen it use Nasty Plot,25,,FALSE,Times you've stunned it by using items,10,,FALSE,Times you've seen it use an agile style move,70,,FALSE,,,,FALSE,,,,FALSE
221,Rufflet,Number caught,25,Number of light specimens you've caught,10,,FALSE,Number defeated,15,,FALSE,Number you've defeated with Electric-type moves,10,Electric,FALSE,Times you've seen it use Air Slash,25,Flying,TRUE,Times you've seen it use Roost,15,,FALSE,Number you've evolved,1,,FALSE,,,,FALSE,,,,FALSE
222,Braviary,Number caught,15,Number you've caught while they were in the air,5,,FALSE,Times you've seen it use Esper Wing,40,Psychic,TRUE,Times you've seen it use Brave Bird,25,Flying,TRUE,Times you've seen it use a strong style move,70,,FALSE,,,,FALSE,,,,FALSE,,,,FALSE,,,,FALSE
223,Riolu,Number caught,15,Number you've defeated with Flying-type moves,10,Flying,FALSE,Times you've seen it use Rock Smash,25,Fighting,TRUE,Times you've given it food,5,,FALSE,Times you've stunned it by using items,10,,FALSE,Number you've evolved,1,,FALSE,,,,FALSE,,,,FALSE,,,,FALSE
224,Lucario,Number caught,15,Number of alpha specimens caught,1,,FALSE,Number defeated,15,,FALSE,Number you've defeated with Fire-type moves,10,Fire,FALSE,Times you've seen it use Aura Sphere,70,Fighting,TRUE,Times you've seen it use Close Combat,40,Fighting,TRUE,Times you've seen it use an agile style move,70,,FALSE,Times you've stunned it by using items,20,,FALSE,,,,FALSE
225,Uxie,Number caught,1,Times you've seen it use Mystical Power,25,Psychic,TRUE,Times you've seen it use Calm Mind,40,,FALSE,Times you've seen it use a strong style move,40,,FALSE,Times you've seen it use an agile style move,70,,FALSE,,,,FALSE,,,,FALSE,,,,FALSE,,,,FALSE
226,Mesprit,Number caught,1,Times you've seen it use Mystical Power,25,Psychic,TRUE,Times you've seen it use Recover,40,,FALSE,Times you've seen it use a strong style move,40,,FALSE,Times you've seen it use an agile style move,70,,FALSE,,,,FALSE,,,,FALSE,,,,FALSE,,,,FALSE
227,Azelf,Number caught,1,Times you've seen it use Mystical Power,25,Psychic,TRUE,Times you've seen it use Self-Destruct,40,Normal,TRUE,Times you've seen it use a strong style move,40,,FALSE,Times you've seen it use an agile style move,70,,FALSE,,,,FALSE,,,,FALSE,,,,FALSE,,,,FALSE
228,Heatran,Number caught,1,Times you've seen it use Fire Fang,25,Fire,TRUE,Times you've seen it use Magma Storm,25,Fire,TRUE,Times you've seen it use a strong style move,40,,FALSE,Times you've seen it use an agile style move,25,,FALSE,,,,FALSE,,,,FALSE,,,,FALSE,,,,FALSE
229,Regigigas,Number caught,1,Times you've seen it use Iron Head,25,Steel,TRUE,Times you've seen it use Giga Impact,25,Normal,TRUE,Times you've seen it use a strong style move,40,,FALSE,Times you've seen it use an agile style move,25,,FALSE,,,,FALSE,,,,FALSE,,,,FALSE,,,,FALSE
230,Cresselia,Number caught,1,Times you've seen it use Moonblast,25,Fairy,TRUE,Times you've seen it use Lunar Blessing,25,,FALSE,Times you've seen it use a strong style move,25,,FALSE,Times you've seen it use an agile style move,40,,FALSE,,,,FALSE,,,,FALSE,,,,FALSE,,,,FALSE
231,Tornadus,Number caught,1,Times you've seen it use Extrasensory,25,Psychic,TRUE,Times you've seen it use Bleakwind Storm,25,Flying,TRUE,Times you've seen it use a strong style move,25,,FALSE,Times you've seen it use an agile style move,40,,FALSE,,,,FALSE,,,,FALSE,,,,FALSE,,,,FALSE
232,Thundurus,Number caught,1,Times you've seen it use Extrasensory,25,Psychic,TRUE,Times you've seen it use Windbolt Storm,25,Electric,TRUE,Times you've seen it use a strong style move,25,,FALSE,Times you've seen it use an agile style move,40,,FALSE,,,,FALSE,,,,FALSE,,,,FALSE,,,,FALSE
233,Landorus,Number caught,1,Times you've seen it use Extrasensory,25,Psychic,TRUE,Times you've seen it use Sandsear Storm,25,Ground,TRUE,Times you've seen it use a strong style move,25,,FALSE,Times you've seen it use an agile style move,40,,FALSE,,,,FALSE,,,,FALSE,,,,FALSE,,,,FALSE
234,Enamorus,Number caught,1,Times you've seen it use Extrasensory,25,Psychic,TRUE,Times you've seen it use Springtide Storm,25,Fairy,TRUE,Times you've seen it use a strong style move,25,,FALSE,Times you've seen it use an agile style move,40,,FALSE,,,,FALSE,,,,FALSE,,,,FALSE,,,,FALSE
235,Dialga,Number caught,1,Times you've seen it use Iron Tail,25,Steel,TRUE,Times you've seen it use Roar of Time,40,Dragon,TRUE,Times you've seen it use a strong style move,40,,FALSE,Times you've seen it use an agile style move,40,,FALSE,,,,FALSE,,,,FALSE,,,,FALSE,,,,FALSE
236,Palkia,Number caught,1,Times you've seen it use Aqua Tail,25,Water,TRUE,Times you've seen it use Spacial Rend,40,Dragon,TRUE,Times you've seen it use a strong style move,40,,FALSE,Times you've seen it use an agile style move,40,,FALSE,,,,FALSE,,,,FALSE,,,,FALSE,,,,FALSE
237,Giratina,Number caught,1,Times you've seen it use Shadow Claw,25,Ghost,TRUE,Times you've seen it use Shadow Force,25,Ghost,TRUE,Times you've seen it use a strong style move,25,,FALSE,Times you've seen it use an agile style move,40,,FALSE,,,,FALSE,,,,FALSE,,,,FALSE,,,,FALSE
239,Phione,Number caught,1,Times you've seen it use Water Pulse,25,Water,TRUE,Times you've seen it use Zen Headbutt,25,Psychic,TRUE,Times you've seen it use a strong style move,25,,FALSE,,,,FALSE,,,,FALSE,,,,FALSE,,,,FALSE,,,,FALSE
240,Manaphy,Number caught,1,Times you've seen it use Moonblast,25,Fairy,TRUE,Times you've seen it use Take Heart,25,,FALSE,Times you've seen it use a strong style move,25,,FALSE,Times you've seen it use an agile style move,40,,FALSE,,,,FALSE,,,,FALSE,,,,FALSE,,,,FALSE
241,Shaymin,Number caught,1,Times you've seen it use Earth Power,25,Ground,TRUE,Times you've seen it use Seed Flare,25,Grass,TRUE,Times you've seen it use a strong style move,25,,FALSE,Times you've seen it use an agile style move,40,,FALSE,,,,FALSE,,,,FALSE,,,,FALSE,,,,FALSE
242,Darkrai,Number caught,1,Times you've seen it use Shadow Ball,25,Ghost,TRUE,Times you've seen it use Dark Void,25,,FALSE,Times you've seen it use a strong style move,40,,FALSE,Times you've seen it use an agile style move,25,,FALSE,,,,FALSE,,,,FALSE,,,,FALSE,,,,FALSE
